party,mean_post,median_post,std_dev_post,int_l,int_r,n_muestra
pan_na,48.045949279838204,48.02277488501005,0.5148105880193137,47.03692052732035,49.05497803235606,1
pri_pvem,41.09382097021243,41.09216470850501,0.4790850024831722,40.15481436534541,42.032827575079445,1
prd,4.960331739078032,4.958588958031637,0.27679236191109613,4.417818709732283,5.50284476842378,1
otros,3.6796759239959695,3.671865591096006,0.12911754782580345,3.426605530257395,3.9327463177345443,1
pt,1.2174271433311896,1.2154505645016997,0.06561060766018065,1.0888303523172356,1.3460239343451437,1
mc,1.00279494354418,0.9761606538445464,0.1686912005531252,0.6721601904600547,1.3334296966283055,1
pan_na,48.74573859048128,48.78356312473618,0.5332362275979595,47.70059558438928,49.79088159657328,10
pri_pvem,40.940536473882915,40.94251087684494,0.5327228572565216,39.896399673660135,41.984673274105695,10
prd,4.790952158886866,4.788619709776466,0.22227955175384748,4.355284237449325,5.226620080324407,10
otros,3.456438001200778,3.4538897303828024,0.10804623540721343,3.2446673798026398,3.6682086225989163,10
pt,1.1895070008364312,1.187842412329704,0.0678811579693734,1.0564599312164593,1.3225540704564032,10
mc,0.8768277747117282,0.8674350675715568,0.10342622337097193,0.6741123769046232,1.0795431725188331,10
pan_na,48.285905458648315,48.27526753867858,0.539304419282765,47.228868796854094,49.34294212044254,100
pri_pvem,40.94702446490754,40.977126596966116,0.5295213412713949,39.90916263601561,41.98488629379948,100
prd,4.937850130943101,4.921615469023209,0.2538205827549031,4.440361788743491,5.435338473142711,100
otros,3.7403262055182545,3.729831584930586,0.16309470534855372,3.4206605830350894,4.0599918280014196,100
pt,1.1834224579337098,1.1783199768590824,0.06276707198425417,1.0603989968445717,1.306445919022848,100
mc,0.9054712820490772,0.8911184156754293,0.11613788960692054,0.6778410184195129,1.1331015456786415,100
pan_na,48.6311006547956,48.62595098389762,0.5483708818804381,47.556293726309946,49.70590758328126,11
pri_pvem,40.58794964420943,40.6314322277991,0.5141896428370837,39.58013794424875,41.595761344170114,11
prd,4.875966449185228,4.863343410670799,0.2569490265347083,4.372346357177199,5.379586541193256,11
otros,3.618682442632939,3.620662984331745,0.1430217165958058,3.3383598781051598,3.899005007160718,11
pt,1.2821651855584082,1.276244530406204,0.07294340310718807,1.1391961154683197,1.4251342556484967,11
mc,1.0041356236183887,0.9803226145613549,0.15039454796167104,0.7093623096135135,1.2989089376232639,11
pan_na,47.692685840986016,47.70235421543854,0.5370992969248715,46.63997121901327,48.74540046295876,12
pri_pvem,40.993322681806866,40.99204527181655,0.4948450633104912,40.0234263577183,41.96321900589543,12
prd,5.435392569157678,5.425003287553042,0.2707749600248059,4.904673647509058,5.9661114908062975,12
otros,3.830063653582498,3.8305771982561883,0.16248442519246795,3.5115941802052606,4.148533126959735,12
pt,1.2468697545761986,1.2497894733718116,0.0664655362694069,1.116597303488161,1.3771422056642362,12
mc,0.801665499890742,0.7937552651504042,0.08096093594725835,0.6429820654341156,0.9603489343473683,12
pan_na,48.04367989439313,48.05430368502467,0.51212070663711,47.03992330938439,49.04743647940187,13
pri_pvem,41.124997592006316,41.11600901716678,0.5212561869906633,40.103335465504614,42.14665971850802,13
prd,5.310247079311111,5.287348438232013,0.30404373030230986,4.714321367918584,5.906172790703638,13
otros,3.4988052402862424,3.4936853553845877,0.12798841836256553,3.2479479402956137,3.749662540276871,13
pt,1.1378889369011134,1.1357037914125023,0.059159671109441495,1.021935981526608,1.2538418922756187,13
mc,0.884381257102081,0.8625194645438496,0.1256955761745241,0.6380179278000138,1.1307445864041483,13
pan_na,47.42328669458758,47.41214586071276,0.5060971512067491,46.431336278222354,48.41523711095281,14
pri_pvem,41.71822849228921,41.69013309189076,0.5089575084776918,40.72067177567293,42.71578520890548,14
prd,5.059929280300418,5.062689492303468,0.2536551024809481,4.56276527943776,5.557093281163076,14
otros,3.6257960637991777,3.622682107263489,0.11666977133400908,3.39712331198452,3.8544688156138354,14
pt,1.2318908005163942,1.2335824649424747,0.06774841390251887,1.0991039092674573,1.3646776917653312,14
mc,0.940868668507227,0.9190879937811102,0.13533943932031983,0.6756033674394001,1.206133969575054,14
pan_na,47.65201652397687,47.65455295532776,0.5635378623477659,46.54748231377525,48.75655073417849,15
pri_pvem,41.3193260852702,41.306331367126084,0.5459728587984752,40.24921928202519,42.38943288851521,15
prd,5.243418689983588,5.220924695894599,0.27788766284996125,4.698758870797664,5.7880785091695115,15
otros,3.5684363255641607,3.5657725081566087,0.1237435880129897,3.325898893058701,3.8109737580696206,15
pt,1.305263353911461,1.304982166902875,0.06924628315644128,1.1695406389248362,1.440986068898086,15
mc,0.9115390212937247,0.8951881487561567,0.1208111322076483,0.674749202166734,1.1483288404207153,15
pan_na,48.139982369018924,48.12662113606051,0.5664465679415684,47.02974709585345,49.250217642184396,16
pri_pvem,41.37553754049504,41.37373836443252,0.5383922801761251,40.320288671349836,42.43078640964024,16
prd,4.77426357750254,4.760035989933405,0.25438551547179583,4.275667967177821,5.27285918782726,16
otros,3.511423193833243,3.5066439972873793,0.1221305580876287,3.272047299981491,3.750799087684995,16
pt,1.1563516667184435,1.1510523367045575,0.06953118216585744,1.0200705496733629,1.292632783763524,16
mc,1.0424416524318085,1.0087522701333982,0.18692861283373385,0.6760615712776902,1.4088217335859268,16
pan_na,47.79718784922494,47.79497284400844,0.5696777176778259,46.6806195225764,48.91375617587348,17
pri_pvem,41.12873096674925,41.12952811871883,0.5282565493816003,40.09334812996131,42.16411380353719,17
prd,5.187509463554283,5.179648050075427,0.2668928401859393,4.664399496789843,5.710619430318724,17
otros,3.6449218093880646,3.6310360718209465,0.14899548483854302,3.3528906591045202,3.936952959671609,17
pt,1.214384225167938,1.2113083629788692,0.06892737986034962,1.0792865606416528,1.3494818896942231,17
mc,1.0272656859155234,0.9983491824800197,0.1630845134054194,0.7076200396409014,1.3469113321901454,17
pan_na,47.63494750199544,47.623052692283935,0.5066075719925488,46.641996660890044,48.62789834310084,18
pri_pvem,41.15570403534509,41.154137978188444,0.4868791564940027,40.201420888616845,42.10998718207333,18
prd,5.186470868715361,5.176246430682162,0.2578026438824521,4.681177686705754,5.691764050724967,18
otros,3.8929398260583157,3.894011303368758,0.1581152912288094,3.583033855249849,4.202845796866782,18
pt,1.310710550663001,1.306699115110697,0.0760549820804315,1.1616427857853553,1.4597783155406467,18
mc,0.819227217222789,0.8124372544078371,0.10835870640919776,0.6068441526607614,1.0316102817848165,18
pan_na,48.48594828883146,48.495912670376086,0.5024635209386038,47.501119787791794,49.470776789871124,19
pri_pvem,40.48206125460573,40.495673241900064,0.4833629586857377,39.53466985558168,41.42945265362978,19
prd,5.139743285368105,5.108610912056149,0.25269465904229665,4.644461753645204,5.635024817091007,19
otros,3.7035519221093853,3.701114926527048,0.12202126651717463,3.464390239735723,3.9427136044830475,19
pt,1.3739757299416324,1.3663433641572944,0.09097389462375069,1.195666896479081,1.5522845634041837,19
mc,0.8147195191436807,0.8119648833412398,0.06542580971613356,0.6864849321000589,0.9429541061873025,19
pan_na,48.20732095612314,48.19266653185055,0.5328932567844078,47.1628501728257,49.25179173942058,2
pri_pvem,40.73823788710983,40.71721225277657,0.49387266009348635,39.7702474733266,41.706228300893066,2
prd,5.18996199132153,5.179593104093656,0.26937660149933923,4.661983852382825,5.717940130260235,2
otros,3.741956124337352,3.7321684437044396,0.15940193675586498,3.4295283282958566,4.054383920378847,2
pt,1.1915666596913852,1.1876179010982053,0.06361103464061937,1.0668890317957713,1.316244287586999,2
mc,0.9309563814167662,0.9109163495824782,0.12327600185456154,0.6893354177818256,1.1725773450517067,2
pan_na,48.18462110510663,48.205521339293824,0.5008532578330127,47.20294871975393,49.16629349045933,20
pri_pvem,40.43357404288935,40.407833357081834,0.47358942278047733,39.50533877423961,41.36180931153908,20
prd,5.394677845563852,5.391718259516731,0.26956400251594065,4.866332400632609,5.923023290495096,20
otros,3.8035018748720755,3.7937713188312405,0.1496175892200525,3.5102514000007727,4.096752349743379,20
pt,1.2708549217736727,1.277030275930463,0.0708617969002586,1.131965799849166,1.4097440436981794,20
mc,0.9127702097944224,0.89511330477849,0.11994525709322365,0.677677505891704,1.1478629136971408,20
pan_na,47.630067581852046,47.65300662068125,0.5239276812263371,46.60316932664843,48.656965837055665,21
pri_pvem,41.28384972742124,41.273281872383166,0.5255629704333059,40.25374630537196,42.31395314947052,21
prd,5.026454693213908,5.037678505111319,0.2699611006845459,4.497330935872198,5.555578450555617,21
otros,3.696494430590024,3.6921065102372586,0.12300341961844843,3.4554077281378652,3.937581133042183,21
pt,1.2015006854156562,1.2035750767289795,0.05979703448445291,1.0842984978261285,1.318702873005184,21
mc,1.1616328815071328,1.1232985969086764,0.22073080882506324,0.729000496210009,1.5942652668042567,21
pan_na,48.039775492304486,48.04442836999652,0.5707360400883437,46.92113285373133,49.15841813087764,22
pri_pvem,41.00238261358866,40.995034868804225,0.5426458227924418,39.93879680091547,42.06596842626185,22
prd,5.379551125964808,5.373257666282866,0.29205463940930987,4.807124032722561,5.951978219207055,22
otros,3.681510922471266,3.672749249698126,0.1568132762278003,3.374156901064777,3.9888649438777546,22
pt,1.1401836399161496,1.1384077847480176,0.057814054458519074,1.026868093177452,1.253499186654847,22
mc,0.7565962057546364,0.7494397943021859,0.07456741368312621,0.610444074935709,0.9027483365735638,22
pan_na,47.8491113119674,47.854273227995314,0.48120741709568576,46.905944774459854,48.79227784947494,23
pri_pvem,41.44927573212835,41.45212589034496,0.47551299901134475,40.51727025406611,42.381281210190586,23
prd,5.202646426953167,5.192054614588924,0.24869790242944448,4.715198538191456,5.690094315714878,23
otros,3.55940478259053,3.5564452300113807,0.11493608700039783,3.3341300520697503,3.7846795131113096,23
pt,1.2296545743409997,1.2245791921803864,0.07781710621865721,1.0771330461524316,1.3821761025295678,23
mc,0.7099071720195518,0.7064492036916057,0.048760385535122665,0.6143368163707114,0.8054775276683922,23
pan_na,47.943795901315255,47.95683691871196,0.5233686942475789,46.91799326059,48.96959854204051,24
pri_pvem,41.05444562460707,41.04034620185757,0.5109368949044694,40.05300931059431,42.05588193861983,24
prd,5.0670392185465145,5.0729827964491605,0.26846777403337896,4.540842381441092,5.593236055651937,24
otros,3.8736612918418527,3.8586745622756573,0.180671984357633,3.5195442025008923,4.227778381182813,24
pt,1.1796543371034176,1.1774307744323638,0.06931716195568524,1.0437926996702744,1.3155159745365608,24
mc,0.8814036265858947,0.8613430017038067,0.13605702148420715,0.6147318644768487,1.1480753886949406,24
pan_na,48.642255065395915,48.60699614275207,0.5446019784276721,47.57483518767768,49.70967494311415,25
pri_pvem,40.171806892107796,40.15860886911177,0.5318460348677354,39.12938866376703,41.21422512044856,25
prd,5.263614611294608,5.247373070983286,0.2699711571326183,4.734471143314677,5.79275807927454,25
otros,3.6494350806763594,3.642200890265266,0.1375890393757034,3.3797605634999806,3.919109597852738,25
pt,1.332346135797223,1.3323803550636848,0.08223731510448559,1.1711609981924314,1.4935312734020147,25
mc,0.9405422147280995,0.9215915664900893,0.11735073990408176,0.7105347645160993,1.1705496649400997,25
pan_na,47.973643196519895,47.977069997373924,0.568981282089108,46.858439883625245,49.088846509414545,26
pri_pvem,40.89696862946173,40.90571893083678,0.5576533044794825,39.803968152681946,41.98996910624152,26
prd,5.2835710345751385,5.2745242586334,0.2765744931040369,4.741485028091226,5.825657041059051,26
otros,3.6244158754424745,3.6129747359821205,0.13222837032570128,3.3652482696041,3.8835834812808487,26
pt,1.387072346098558,1.3833723416755352,0.08841266153069058,1.2137835294984043,1.5603611626987115,26
mc,0.8343289179021995,0.8205670258155795,0.09854078022663566,0.6411889886579937,1.0274688471464055,26
pan_na,48.3048940166175,48.319678303547796,0.5247032826314612,47.27647558265984,49.333312450575164,27
pri_pvem,41.01492023187433,41.00279912879474,0.5101178901219733,40.01508916723526,42.014751296513396,27
prd,5.024221947898468,5.001784490882432,0.2462610991229954,4.541550193617397,5.506893702179539,27
otros,3.536593404760212,3.5445956287402525,0.11432828653240586,3.3125099631566965,3.7606768463637272,27
pt,1.2601203038094504,1.258889754713766,0.07818849240611651,1.106870858693462,1.4133697489254389,27
mc,0.8592500950400409,0.8471048733618736,0.10952933620098997,0.6445725960861006,1.0739275939939812,27
pan_na,48.26182207026828,48.270645118273556,0.5261985204402807,47.230472970205334,49.29317117033123,28
pri_pvem,40.82384693293839,40.840979107520766,0.5134939632470287,39.817398764974214,41.83029510090256,28
prd,5.083240848220367,5.072254018846585,0.24004035427714582,4.612761753837161,5.553719942603573,28
otros,3.715935282711437,3.7087446262366224,0.14963233766187917,3.4226559008941537,4.00921466452872,28
pt,1.209099814497589,1.2077821451423296,0.06634724355778515,1.07905921712433,1.339140411870848,28
mc,0.9060550513639342,0.8947670200465824,0.09848752242235623,0.713019507416116,1.0990905953117522,28
pan_na,49.162155235939316,49.14789761296814,0.5038909854737725,48.17452890441072,50.14978156746791,29
pri_pvem,40.335853181340234,40.327285670441434,0.4974205032523189,39.36090899496569,41.31079736771478,29
prd,4.880828912879586,4.878539087332641,0.227363547758095,4.4351963592737205,5.326461466485452,29
otros,3.539969687852064,3.537647840066666,0.12166327048948053,3.301509677692682,3.7784296980114456,29
pt,1.223725986451455,1.2222257347673264,0.06521432753515036,1.0959059044825603,1.3515460684203495,29
mc,0.8574669955373414,0.8382641413005303,0.11680771245598663,0.6285238791236076,1.0864101119510752,29
pan_na,47.895410358785014,47.91272415899042,0.5448789884480786,46.82744754142678,48.96337317614325,3
pri_pvem,41.364312556907855,41.36558265510287,0.5187979818801884,40.34746851242269,42.38115660139302,3
prd,5.09359409610258,5.087461058955732,0.23807237761201033,4.62697223598304,5.56021595622212,3
otros,3.578681041400135,3.582146019174902,0.1058080105889984,3.371297340645698,3.7860647421545717,3
pt,1.2141496888484684,1.2140725206694267,0.06649280459692962,1.0838237918384863,1.3444755858584505,3
mc,0.8538522579559442,0.8543797953258275,0.07666844247388954,0.7035821107071207,1.0041224052047677,3
pan_na,48.50960878585872,48.52350612971497,0.5204853223871957,47.48945755397981,49.52976001773762,30
pri_pvem,41.18248371181596,41.15585088692906,0.5265016358753335,40.15054050550031,42.214426918131615,30
prd,4.947363653360823,4.940544386461805,0.21803878520322717,4.520007634362498,5.374719672359149,30
otros,3.5020847166304616,3.500153936817517,0.11393608568331752,3.278769988691159,3.725399444569764,30
pt,1.1499767744551084,1.1438996250637607,0.06586498102862463,1.0208814116390041,1.2790721372712126,30
mc,0.7084823578789318,0.707654596693021,0.0458838943060313,0.6185499250391104,0.7984147907187531,30
pan_na,48.17514906193372,48.18024125865759,0.5450489359178902,47.10685314753466,49.24344497633279,31
pri_pvem,40.96952610302852,40.942297495471095,0.539674244893902,39.91176458303647,42.02728762302057,31
prd,5.195562078038888,5.198840140874948,0.2641022299296482,4.677921707376777,5.713202448700999,31
otros,3.5448672671842987,3.5420706372630075,0.11412742680282958,3.321177510650753,3.7685570237178445,31
pt,1.2361116842750521,1.2347490662588074,0.06703505784008693,1.1047229709084818,1.3675003976416225,31
mc,0.8787838055395135,0.8662453494190647,0.09794602529513026,0.6868095959610582,1.0707580151179688,31
pan_na,48.03565729938574,48.01526765292923,0.47602223523002346,47.10265371833489,48.96866088043659,32
pri_pvem,41.36366889746554,41.343500639802414,0.46852654600199933,40.44535686730162,42.281980927629455,32
prd,4.894082025100889,4.883987279562383,0.22675258438767065,4.449646959701055,5.338517090500724,32
otros,3.6614601760907313,3.661123197428161,0.11212819017694894,3.441688923343911,3.8812314288375513,32
pt,1.233243211714529,1.2345107675570894,0.0683358683233382,1.0993049098007863,1.367181513628272,32
mc,0.8118883902425689,0.803010880378912,0.07531979543053335,0.6642615911987235,0.9595151892864142,32
pan_na,48.11603091488295,48.12839313392242,0.5051560006358771,47.12592515363663,49.10613667612927,33
pri_pvem,40.78838105071618,40.79416963664763,0.48715650687055156,39.833554297249904,41.74320780418246,33
prd,5.129377094892087,5.117722028453554,0.25431421910602253,4.630921225444283,5.627832964339891,33
otros,3.6593232752101557,3.6563681586521173,0.11383990979172294,3.436197052018379,3.8824494984019324,33
pt,1.2588065427134567,1.25765892869709,0.08023885548366216,1.1015383859654788,1.4160746994614346,33
mc,1.0480811215851733,1.0289713360015926,0.15785453360974025,0.7386862357100824,1.357476007460264,33
pan_na,47.60857913269055,47.59079710176552,0.5260152347703526,46.577589272540656,48.639568992840445,34
pri_pvem,41.44484524299528,41.45164424679677,0.4967718965137682,40.47117232582829,42.418518160162265,34
prd,5.153974565098194,5.13548256977101,0.2691877561711137,4.6263665630028115,5.681582567193576,34
otros,3.510781097670948,3.505683968898348,0.11310226553191481,3.2891006572283947,3.732461538113501,34
pt,1.2741335125561115,1.2723745288124548,0.06885270034704205,1.1391822198759092,1.4090848052363139,34
mc,1.0076864489889186,0.9975001329890425,0.11920141204949394,0.7740516813719105,1.2413212166059266,34
pan_na,47.83746135569153,47.839010725491626,0.5331211491414305,46.79254390337433,48.88237880800873,35
pri_pvem,41.04468084243438,41.05492580637505,0.5320304332220426,40.00190119331918,42.087460491549585,35
prd,5.005850551489216,5.007162835995597,0.2639622624391974,4.488484517108389,5.523216585870043,35
otros,3.888582669998953,3.882154895334131,0.1781196592311104,3.5394681379059767,4.23769720209193,35
pt,1.2930893926656533,1.2900723926033058,0.07719897845745465,1.1417793948890422,1.4443993904422643,35
mc,0.9303351877202644,0.9152073033842818,0.12639980557275116,0.6825915687976721,1.1780788066428567,35
pan_na,47.651721249910324,47.652529853902685,0.5485624423392298,46.57653886292543,48.726903636895216,36
pri_pvem,41.41203036333772,41.424735945591046,0.512500381705717,40.40752961519451,42.41653111148093,36
prd,4.8814351046788405,4.864383460259603,0.26343922414339466,4.365094225357787,5.397775983999894,36
otros,3.6785178459963763,3.6756893793936567,0.11959646772365604,3.4441087692580106,3.912926922734742,36
pt,1.227635889935379,1.2221271175103559,0.0652054474982175,1.0998332128388726,1.3554385670318854,36
mc,1.1486595461413582,1.096614801474188,0.2477074986168197,0.6631528488523917,1.6341662434303248,36
pan_na,48.25002691640496,48.243766963416576,0.4770248882438959,47.315058135446925,49.184995697363,37
pri_pvem,40.88630160834753,40.89529437275083,0.49315018552887857,39.91972724471093,41.85287597198413,37
prd,5.002688226527622,4.989870186074346,0.2512385335267031,4.510260700815284,5.495115752239959,37
otros,3.7088940197905247,3.709140182687079,0.12462617232553051,3.464626722032485,3.9531613175485645,37
pt,1.3101072256065396,1.3070977997497082,0.07559936803898137,1.161932464250136,1.458281986962943,37
mc,0.8419820033228178,0.8290602191983866,0.09238088228360132,0.6609154740469592,1.0230485325986765,37
pan_na,47.650794108774754,47.637099143424386,0.6027042784375816,46.4694937230371,48.83209449451241,38
pri_pvem,41.43943828750529,41.43652369922273,0.5948792033044747,40.27347504902852,42.60540152598206,38
prd,5.123614803635287,5.10315695492524,0.27767076784160843,4.579380098665735,5.6678495086048395,38
otros,3.6686289643447245,3.6607186103046088,0.15232219738888267,3.3700774574625143,3.9671804712269347,38
pt,1.1737744515998718,1.169325478924071,0.0593270216705071,1.057493489125678,1.2900554140740657,38
mc,0.9437493841400753,0.922037145664582,0.12582222845493898,0.6971378163683949,1.1903609519117557,38
pan_na,47.743198943385714,47.77409827142999,0.5719275678435328,46.62222091041239,48.86417697635904,39
pri_pvem,41.26812962472264,41.23639625660037,0.5651219555567405,40.160490591831426,42.375768657613854,39
prd,5.190757371765819,5.199854268226869,0.2412268226635923,4.717952799345178,5.663561944186459,39
otros,3.6671464819872712,3.6650792366372418,0.11526600432532823,3.4412251135096277,3.8930678504649148,39
pt,1.2260986744995697,1.2273711803829555,0.0633604850511346,1.1019121237993459,1.3502852251997934,39
mc,0.9046689036389853,0.8840687359619446,0.13368285084686812,0.6426505159791238,1.1666872912988469,39
pan_na,47.81011240460206,47.80324354523346,0.5396277228516753,46.75244206781277,48.867782741391345,4
pri_pvem,40.74684505721022,40.739087799877396,0.5250898512395525,39.7176689487807,41.77602116563975,4
prd,5.255805927631227,5.24208746305211,0.2980819306475471,4.671565343562034,5.840046511700419,4
otros,3.9494877376460167,3.949562243719529,0.134808968756148,3.6852621588839667,4.213713316408067,4
pt,1.3462170856115023,1.3422724890331996,0.08002610331534114,1.1893659231134337,1.503068248109571,4
mc,0.8915317872989718,0.8800298128528019,0.09822346182753816,0.6990138021169969,1.0840497724809466,4
pan_na,47.16575632931495,47.1355870902887,0.48967791961132623,46.205987606876754,48.12552505175315,40
pri_pvem,41.65381985938767,41.64793204357039,0.49463212943970303,40.68434088568585,42.623298833089486,40
prd,5.250071260748679,5.233041720893729,0.2643679825497544,4.73191001495116,5.768232506546197,40
otros,3.893576626865971,3.8837560996690073,0.17198043348882974,3.5564949772278647,4.230658276504077,40
pt,1.294492399885645,1.2894644221757081,0.07371465701837583,1.1500116721296285,1.4389731276416615,40
mc,0.7422835237970833,0.7360995775807092,0.07336054969704665,0.5984968463908719,0.8860702012032947,40
pan_na,49.340431656981096,49.34645034742224,0.5022761621361319,48.355970379194275,50.32489293476792,41
pri_pvem,39.492643640896546,39.485618302260825,0.5119304234061738,38.48926001102045,40.49602727077264,41
prd,5.3963572294612145,5.387442281780723,0.3061686404850202,4.796266694110575,5.996447764811854,41
otros,3.611027802329491,3.6109486723518796,0.13142388590834087,3.3534369859491426,3.868618618709839,41
pt,1.1619376461877795,1.1622537249439715,0.06481337514213036,1.034903430909204,1.288971861466355,41
mc,0.9976020241438713,0.9802106737078469,0.15157986797849002,0.7005054829060309,1.2946985653817118,41
pan_na,48.54397079531209,48.58130086391231,0.5278101462510598,47.50946290866001,49.57847868196417,42
pri_pvem,40.30652076070828,40.280450973739924,0.5029749115634912,39.32068993404384,41.29235158737272,42
prd,5.284110534653511,5.278975939174386,0.2598789394926699,4.774747813247878,5.793473256059144,42
otros,3.786838358883462,3.7769202806361446,0.1511657166915786,3.4905535541679678,4.083123163598956,42
pt,1.1983644974078136,1.1971728717954946,0.06614063353914401,1.0687288556710914,1.3280001391445357,42
mc,0.8801950530348441,0.8576492742703657,0.1304128247613548,0.6245859165025887,1.1358041895670996,42
pan_na,48.01750032976097,48.03909850934278,0.48381155064173736,47.069229690503164,48.96577096901878,43
pri_pvem,41.175379358438384,41.17268214675575,0.47759587219061794,40.239291448944776,42.11146726793199,43
prd,4.815685677303161,4.8131860679602125,0.23770245540268173,4.349788864713905,5.2815824898924175,43
otros,3.5412367038782278,3.5393253013684283,0.11718679831976377,3.3115505791714908,3.7709228285849647,43
pt,1.3151859763440783,1.3111793344004383,0.08361316501700525,1.151304172910748,1.4790677797774086,43
mc,1.1350119542751786,1.0948578233969732,0.2118228104249019,0.719839245842371,1.5501846627079863,43
pan_na,48.49405437894443,48.47568053937903,0.45775964457386087,47.59684547557966,49.391263282309204,44
pri_pvem,40.86668531807588,40.87960070741431,0.43754924459109096,40.00908879867734,41.72428183747442,44
prd,5.0426469717372235,5.024335549717299,0.24541032294397566,4.5616427387670315,5.5236512047074156,44
otros,3.5752761004610036,3.5703429806789893,0.12964452099508916,3.321172839310629,3.8293793616113785,44
pt,1.2080928047360102,1.2070991627190413,0.06708760611454821,1.0766010967514958,1.3395845127205246,44
mc,0.8132444260454464,0.8049111664855394,0.08045189057125704,0.6555587205257827,0.9709301315651102,44
pan_na,47.61515121889303,47.63288110333526,0.4778051890786456,46.678653048298884,48.55164938948718,45
pri_pvem,41.58781758052607,41.57756287154042,0.470231654149792,40.66616353839248,42.50947162265966,45
prd,4.856555666935559,4.848037193983198,0.23656706211790546,4.392884225184464,5.320227108686654,45
otros,3.7289091222720656,3.7214349031917533,0.14125078248576742,3.4520575885999616,4.00576065594417,45
pt,1.2621529992917087,1.2594014743338646,0.06314288427889597,1.1383929461050726,1.3859130524783447,45
mc,0.9494134120815645,0.9270626284175009,0.14144566250887633,0.6721799135641668,1.2266469105989621,45
pan_na,48.56724244746195,48.56444864976186,0.5718213032675998,47.44647269305745,49.68801220186645,46
pri_pvem,40.66770159370539,40.65468188843417,0.5556061281681665,39.57871358249578,41.756689604914996,46
prd,5.201009466879601,5.183844429262343,0.26479956553244083,4.682002318436017,5.720016615323185,46
otros,3.526995448306938,3.520785281387158,0.12120475813973176,3.2894341223530636,3.7645567742608126,46
pt,1.1531345668507702,1.1529173156905361,0.06784705180659995,1.0201543453098343,1.2861147883917061,46
mc,0.8839164767953499,0.8646264572850816,0.11450107375124458,0.6594943722429105,1.1083385813477893,46
pan_na,47.85507997737574,47.85491735458355,0.4864064812503057,46.90172327412514,48.808436680626336,47
pri_pvem,41.362375583731094,41.34389770462343,0.48235994917923297,40.4169500833398,42.30780108412239,47
prd,4.826899601685426,4.8360379646108225,0.24365815711776131,4.349329613734614,5.304469589636238,47
otros,3.673383521165965,3.6721976204879296,0.10812518234977984,3.4614581637603963,3.8853088785715335,47
pt,1.3284693937125838,1.326416924017818,0.07314007455922983,1.1851148475764932,1.4718239398486743,47
mc,0.9537919223291949,0.9439031617309718,0.10790312340012535,0.7423018004649492,1.1652820441934406,47
pan_na,48.404750459976114,48.416470233058355,0.5114548196213811,47.40229901351821,49.40720190643402,48
pri_pvem,40.745146955443886,40.76247315395478,0.5015174786455222,39.76217269729866,41.72812121358911,48
prd,5.109227076608389,5.10470253204187,0.2463448831577896,4.626391105619121,5.592063047597656,48
otros,3.703078922980346,3.702037773906413,0.11283917407592253,3.481914141791538,3.9242437041691542,48
pt,1.225873053912672,1.2201532165825641,0.06889317337833907,1.0908424340911276,1.3609036737342166,48
mc,0.8119235310785899,0.8019882348332641,0.08594279239062601,0.643475657992963,0.9803714041642169,48
pan_na,47.72071781722406,47.71890860906261,0.5620444057628465,46.61911078192888,48.822324852519245,49
pri_pvem,41.467565243537955,41.47428244557645,0.5408380569141179,40.407522651986284,42.527607835089626,49
prd,5.152034397614318,5.145564925877124,0.2673668407923039,4.627995389661402,5.676073405567234,49
otros,3.6737684832379847,3.6500937963036355,0.17867866892666823,3.323558292141715,4.023978674334255,49
pt,1.1076687734682213,1.1085367913445439,0.05609296438187716,0.9977265632797421,1.2176109836567006,49
mc,0.878245284917457,0.855824026213807,0.12604604114917925,0.6311950442650657,1.1252955255698482,49
pan_na,47.78979624715849,47.760332678226554,0.4815284575819193,46.84600047029793,48.73359202401905,5
pri_pvem,41.08132912738051,41.05702257438077,0.4826594777769955,40.1353165509376,42.027341703823424,5
prd,5.3235497981409345,5.306880909876124,0.25019861957933087,4.833160503765446,5.813939092516423,5
otros,3.7918876556763084,3.7796739030294986,0.18163075841336304,3.435891369186117,4.1478839421665,5
pt,1.2616904210398874,1.2591723441217653,0.07325652629374613,1.118107629504145,1.4052732125756298,5
mc,0.7517467506038586,0.7484279944501927,0.04877968182064299,0.6561385742353985,0.8473549269723188,5
pan_na,47.68813078414254,47.72722077144616,0.545642713421079,46.61867106583722,48.757590502447854,50
pri_pvem,41.31724528282676,41.292502599171385,0.5374122392627235,40.26391729387182,42.3705732717817,50
prd,4.882934249257528,4.88177492410374,0.25775633258661085,4.3777318373877705,5.388136661127286,50
otros,3.874607095341609,3.865561142118751,0.19359870869672383,3.4951536262960303,4.254060564387188,50
pt,1.2648494239974157,1.2600045210841697,0.0747222033619991,1.1183939054078975,1.411304942586934,50
mc,0.9722331644341491,0.9464587889274894,0.14130126791999406,0.6952826793109608,1.2491836495573374,50
pan_na,48.11787134643233,48.076540452240366,0.5721107886825451,46.99653420061454,49.23920849225012,51
pri_pvem,41.240598004276556,41.25273249675049,0.5559592240744559,40.150917925090624,42.33027808346249,51
prd,5.209733318782965,5.187782018655805,0.2737805527366268,4.673123435419177,5.746343202146754,51
otros,3.5134436589938187,3.510698092158772,0.1184370218680161,3.2813070961325073,3.74558022185513,51
pt,1.1930035289126701,1.1925127974782286,0.06570717487249088,1.064217466162588,1.3217895916627522,51
mc,0.7253501426016564,0.7238315423276699,0.04718882724079871,0.632860041209691,0.8178402439936219,51
pan_na,48.108066214997955,48.113389828938374,0.4975372485057609,47.132893207926664,49.083239222069245,52
pri_pvem,41.08484357434048,41.08407477041145,0.4943180092184921,40.11598027627224,42.053706872408725,52
prd,5.114642347792232,5.105378924646328,0.2584195684898595,4.608139993552108,5.621144702032357,52
otros,3.5746216242735085,3.569330517549067,0.1331757666594526,3.3135971216209814,3.8356461269260356,52
pt,1.2699018519157923,1.2690202546126979,0.0739052184367323,1.125047623779797,1.4147560800517875,52
mc,0.847924386680025,0.8380666301274542,0.08471064991861099,0.6818915128395475,1.0139572605205025,52
pan_na,47.67490571539856,47.69834570790066,0.5233686195063708,46.64910322116607,48.700708209631046,53
pri_pvem,41.395698068669326,41.39246689429075,0.5034160244241896,40.40900266079792,42.382393476540734,53
prd,5.0055224099921425,5.001850200650565,0.27765202776358094,4.4613244355755235,5.5497203844087615,53
otros,3.611037487146101,3.6143702722588995,0.12067721915292216,3.3745101376063733,3.8475648366858284,53
pt,1.2601036016740685,1.259349877681832,0.067800059350929,1.1272154853462477,1.3929917180018894,53
mc,1.0527327171198013,1.031167584248475,0.19763355087750203,0.6653709573998974,1.4400944768397053,53
pan_na,47.54693755004013,47.53931529455516,0.5146518687443719,46.53821988730116,48.555655212779094,54
pri_pvem,41.6691076795093,41.67671564432215,0.47626184927629966,40.735634454927755,42.60258090409085,54
prd,5.0766604889478355,5.074326434878474,0.23705794880063288,4.612026909298595,5.541294068597076,54
otros,3.581758467472287,3.577279594433659,0.11273865283025035,3.360790707924996,3.8027262270195776,54
pt,1.2391975235260366,1.2385214065798373,0.07160280219689963,1.0988560312201134,1.3795390158319598,54
mc,0.8863382905044092,0.8728502497264334,0.12009553826079382,0.6509510355132533,1.121725545495565,54
pan_na,48.42073126750929,48.41130133441589,0.6523640818202081,47.142097667141684,49.699364867876895,55
pri_pvem,40.389718803410176,40.395298826029524,0.6371649077248009,39.140875584269565,41.638562022550786,55
prd,5.057332974293973,5.0462243660307005,0.26823483278576227,4.531592702033879,5.583073246554068,55
otros,3.8125548455344584,3.800775922316041,0.17500500426339702,3.4695450371782,4.155564653890717,55
pt,1.2983484411155668,1.2957293888612207,0.08186658501455536,1.1378899344870383,1.4588069477440953,55
mc,1.0213136681365318,0.9900382873834865,0.1759795889860045,0.676393673723963,1.3662336625491007,55
pan_na,48.29870012554693,48.29097455061089,0.49468336341124897,47.32912073326088,49.26827951783298,56
pri_pvem,41.18977296841923,41.19946740236327,0.4677594370886998,40.27296447172537,42.10658146511308,56
prd,5.094780895307683,5.080598449448838,0.24759796101406056,4.609488891720124,5.580072898895242,56
otros,3.4307146793037675,3.4350682089905673,0.10923413696559946,3.2166157708511927,3.6448135877563423,56
pt,1.2218457707628232,1.2178435029868582,0.0653816615724563,1.0936977140808088,1.3499938274448375,56
mc,0.7641855606595735,0.7620643957341859,0.06428476156275016,0.6381874279965832,0.8901836933225639,56
pan_na,48.03350547837357,48.06796345190561,0.5395939615125995,46.975901313808876,49.091109642938264,57
pri_pvem,40.85293004342301,40.845480652415446,0.5330549053254372,39.80814242898515,41.897717657860866,57
prd,5.251870069354194,5.236968084063333,0.27213901186353434,4.718477606101667,5.785262532606721,57
otros,3.730847565107491,3.730459214535876,0.1067811458742225,3.521556519194015,3.940138611020967,57
pt,1.3244745900180825,1.3222975585221206,0.0692340740918671,1.188775804798023,1.460173375238142,57
mc,0.8063722537236547,0.7933121296693327,0.0910556947235277,0.6279030920655404,0.9848414153817691,57
pan_na,47.81988443223729,47.84254072713654,0.5163183820776268,46.80790040336514,48.83186846110944,58
pri_pvem,41.24745457850818,41.239187294868245,0.5155202455150429,40.2370348972987,42.25787425971767,58
prd,5.050366279719712,5.036910640971818,0.25636652700737683,4.5478878867852535,5.55284467265417,58
otros,3.781922924793886,3.790922610784038,0.1345277081444141,3.5182486168308347,4.045597232756938,58
pt,1.2264535700064245,1.225927924305529,0.06495340004335659,1.0991449059214455,1.3537622340914035,58
mc,0.8739182147345114,0.8605648135465436,0.11730751029419019,0.6439954945578986,1.1038409349111242,58
pan_na,48.62619419414387,48.59085528806277,0.5633811785587208,47.52196708416878,49.73042130411896,59
pri_pvem,40.37007676473615,40.395594667286176,0.5234382717390409,39.34413775212763,41.396015777344665,59
prd,5.2700675747910575,5.253658352771027,0.26351049478006416,4.753587005022132,5.786548144559983,59
otros,3.5726070202862323,3.57798939845584,0.11014730475618192,3.356718302964116,3.788495737608349,59
pt,1.24633567845318,1.2451047284560606,0.0683390459752563,1.1123911483416777,1.3802802085646824,59
mc,0.9147187675895144,0.9037082077296886,0.09257288962708592,0.733275903920426,1.0961616312586029,59
pan_na,47.48153693093031,47.47693057256897,0.5177685314976919,46.466710609194834,48.49636325266579,6
pri_pvem,41.14604062583439,41.150106049708654,0.5052451042588147,40.155760221487114,42.13632103018166,6
prd,5.334915436437908,5.3174325197583,0.28320636977011715,4.779830951688478,5.8899999211873375,6
otros,3.825861157722655,3.822110600077841,0.12100272226703765,3.5886958220792615,4.063026493366049,6
pt,1.2441086960688366,1.243993187330175,0.06227925751727851,1.1220413513349707,1.3661760408027024,6
mc,0.9675371530059003,0.9539253144850952,0.12394151498975436,0.7246117836259818,1.2104625223858188,6
pan_na,48.83796052011041,48.844410229672455,0.6286319170848922,47.60584196262402,50.070079077596795,60
pri_pvem,40.7231290901138,40.6964549468598,0.628432632703051,39.491401130015824,41.95485705021178,60
prd,4.817464667314588,4.811015535127303,0.24211901054123358,4.34291140665377,5.292017927975405,60
otros,3.602350616086981,3.602712041808323,0.11525805304052296,3.376444832127556,3.828256400046406,60
pt,1.1372287001440469,1.1388257404241702,0.06281409433610555,1.01411307524528,1.2603443250428137,60
mc,0.8818664062301758,0.8697730150927483,0.1106922802929428,0.6649095368560078,1.0988232756043437,60
pan_na,46.906717961086805,46.89792913686197,0.513475846584205,45.90030530178176,47.91313062039185,61
pri_pvem,41.749862686187804,41.74005618568259,0.4856722244711287,40.79794512622439,42.701780246151216,61
prd,5.261636190979326,5.250580953955981,0.2960113748164354,4.681453896339113,5.841818485619539,61
otros,3.7391753394150693,3.7366685498577965,0.12115897327724759,3.501703751791664,3.9766469270384746,61
pt,1.211905604330485,1.2104845544116882,0.061609084308686696,1.0911517990854591,1.3326594095755109,61
mc,1.130702218000511,1.1027645334545968,0.18773907446971333,0.762733632039873,1.4986708039611492,61
pan_na,48.28676832974453,48.275574503798026,0.5386892875573474,47.23093732613213,49.34259933335694,62
pri_pvem,40.86563736982476,40.864112119639,0.5065190654186327,39.87286000160424,41.85841473804528,62
prd,5.057822912697598,5.046209388408916,0.25060758255992,4.5666320508801554,5.549013774515041,62
otros,3.6171168280638155,3.615753817926569,0.13137377861609098,3.359624221976277,3.874609434151354,62
pt,1.2537115596374042,1.250634922183008,0.07681224619933551,1.1031595570867065,1.4042635621881019,62
mc,0.9189430000318931,0.9026506665248797,0.12447417818425004,0.674973610790763,1.162912389273023,62
pan_na,48.19163166880395,48.17697454927168,0.5377677550709723,47.13760686886484,49.24565646874306,63
pri_pvem,41.275856360097016,41.26890933146798,0.49853954404236744,40.29871885377398,42.252993866420056,63
prd,4.962798608170932,4.9590042001399794,0.23877915239600417,4.494791469474763,5.4308057468671,63
otros,3.544249630677444,3.5392392681031932,0.12178045255346645,3.3055599436726495,3.782939317682238,63
pt,1.1968450573864793,1.1987292905467362,0.07126613225548764,1.0571634381657236,1.336526676607235,63
mc,0.8286186748641775,0.8229163412852749,0.0779414659756941,0.6758534015518171,0.981383948176538,63
pan_na,47.88349854483995,47.90454834973377,0.5274546049206509,46.84968751919548,48.91730957048443,64
pri_pvem,41.518395836827416,41.50062245157836,0.5102731344443223,40.518260493316546,42.518531180338286,64
prd,4.805002887678183,4.791665737664113,0.24297800850005438,4.328765991018077,5.28123978433829,64
otros,3.589125929616576,3.5833711549210374,0.12317901570943857,3.3476950588260763,3.8305568004070754,64
pt,1.1724635670562538,1.1712205828178297,0.06154194621639525,1.051841352472119,1.2930857816403885,64
mc,1.0315132339816169,1.0145345354026014,0.1345535928478882,0.767788191999756,1.2952382759634777,64
pan_na,47.8482120773209,47.858651727695744,0.5838753319977993,46.703816426605215,48.99260772803659,65
pri_pvem,41.237878008107224,41.234752482774695,0.570344911063852,40.120001982422075,42.35575403379237,65
prd,5.111302819332224,5.097472091909527,0.27745858988133293,4.567483983164811,5.655121655499636,65
otros,3.7292090517382666,3.730716509332703,0.14843201496288363,3.4382823024110145,4.020135801065519,65
pt,1.2459990300690713,1.244801309411245,0.07582785207811496,1.097376439995966,1.3946216201421766,65
mc,0.827399013432315,0.8175281753108342,0.08991260323081053,0.6511703110999264,1.0036277157647038,65
pan_na,48.00502733178525,47.99927039535745,0.6117101374609382,46.80607546236181,49.20397920120869,66
pri_pvem,40.62025869831252,40.618472281661084,0.5981358173963244,39.44791249621572,41.792604900409316,66
prd,5.423272267085761,5.4080733204044025,0.2777707327325246,4.8788416309300136,5.967702903241509,66
otros,3.633838427669219,3.635079850127951,0.12923765969473475,3.3805326146675387,3.8871442406708994,66
pt,1.2708962580103267,1.2650919514444952,0.08385851215887752,1.1065335741789268,1.4352589418417265,66
mc,1.0467070171369302,1.0102347434096401,0.18266135822593144,0.6886907550141046,1.4047232792597557,66
pan_na,48.65522560291647,48.6429376545302,0.5263522652372676,47.62357516305142,49.68687604278151,67
pri_pvem,40.474499223656515,40.51643394501725,0.506614583712414,39.48153463958018,41.46746380773285,67
prd,5.321556687724623,5.312348109520929,0.266085500367327,4.800029107004662,5.843084268444584,67
otros,3.5243110876795423,3.522710894732169,0.12933549784289952,3.270813511907459,3.7778086634516255,67
pt,1.1889961455493612,1.1863102290624785,0.06402214016889515,1.0635127508183266,1.3144795402803957,67
mc,0.8354112524734907,0.8164406105278025,0.10991537621456487,0.6199771150929435,1.0508453898540377,67
pan_na,47.74439145124398,47.743841463492544,0.5297844772156947,46.70601387590121,48.78276902658674,68
pri_pvem,41.548050759492696,41.52623704738574,0.49085225703770835,40.585980335698785,42.51012118328661,68
prd,5.017178110963671,4.9861389630006405,0.27209249979050676,4.4838768113742775,5.550479410553064,68
otros,3.57145994152218,3.5716089212077766,0.11146382232590771,3.352990849763401,3.789929033280959,68
pt,1.1921656559457232,1.1906887944109514,0.05993525505474238,1.0746925560384282,1.3096387558530183,68
mc,0.9267540808317493,0.9015552850847985,0.13693517052117798,0.6583611466102404,1.1951470150532582,68
pan_na,47.98658702952966,47.975276323080195,0.5097094245046911,46.98755655750046,48.985617501558856,69
pri_pvem,41.442905564221284,41.44808268543021,0.47774157054348354,40.50653208595606,42.37927904248651,69
prd,5.090503373762932,5.091868513430537,0.2578285495889049,4.585159416568678,5.595847330957185,69
otros,3.4951716406146103,3.493809280322307,0.1031396764371659,3.293017874797765,3.6973254064314554,69
pt,1.213500519047891,1.2087039818164538,0.06898497982766492,1.0782899585856676,1.3487110795101143,69
mc,0.7713318728236267,0.7654526589632024,0.06934819803470124,0.6354094046756122,0.9072543409716411,69
pan_na,48.057419809222615,48.083201599173314,0.49169696954569725,47.09369374891305,49.021145869532184,7
pri_pvem,40.94622562678516,40.923275312874686,0.4587522616262746,40.04707119399766,41.845380059572655,7
prd,5.099629519174355,5.0903929547025495,0.24128986686210732,4.626701380124625,5.572557658224086,7
otros,3.6051303126177583,3.6033503058979206,0.1103244742521899,3.388894343083466,3.8213662821520504,7
pt,1.3715294518173526,1.367130862699404,0.08689004476085094,1.2012249640860848,1.5418339395486205,7
mc,0.9200652803827574,0.9058318840634725,0.12487394605251889,0.6753123461198204,1.1648182146456945,7
pan_na,48.58133923366368,48.56668004576334,0.5531329937661752,47.49719856588197,49.66547990144538,70
pri_pvem,40.85241495555404,40.864145710935354,0.5254719124251644,39.82249000720071,41.882339903907365,70
prd,5.07312051643073,5.067147282254012,0.2804035926292534,4.523529474877392,5.622711557984067,70
otros,3.4702437121839727,3.467602862727527,0.11117960401119956,3.2523316883220215,3.688155736045924,70
pt,1.1346014583749908,1.1363502630214313,0.06316548980871663,1.0107970983499062,1.2584058184000755,70
mc,0.8882801237925855,0.8727661319380124,0.10750504057560999,0.6775702442643899,1.0989900033207811,70
pan_na,47.76833417891843,47.73329558737601,0.5268200617874607,46.73576685781501,48.80090150002185,71
pri_pvem,41.63753954780672,41.649562746351435,0.4952487867191113,40.66685192583726,42.60822716977618,71
prd,4.916121149312174,4.907654393281505,0.23922850215065883,4.447233285096883,5.385009013527465,71
otros,3.7269818156403116,3.7237306158937806,0.12345305838087511,3.4850138212137964,3.968949810066827,71
pt,1.1463579313113441,1.14304862648178,0.06644941567416503,1.0161170765899807,1.2765987860327075,71
mc,0.8046653770110199,0.795999447404026,0.07674050431918521,0.6542539885454169,0.9550767654766229,71
pan_na,48.029715447716484,48.0208819671451,0.5619983590384512,46.92819866400112,49.131232231431845,72
pri_pvem,41.08790264829702,41.08458992804899,0.5586109314353379,39.993025222683755,42.18278007391028,72
prd,5.124899639636153,5.118360259020605,0.24057610500283597,4.653370473830595,5.596428805441711,72
otros,3.6445049537373007,3.642955397961241,0.12096449099969228,3.407414551377904,3.8815953560966974,72
pt,1.2170454396866428,1.2148491311375305,0.06972865895745252,1.0803772681300359,1.3537136112432497,72
mc,0.8959318709264021,0.881373690684313,0.11834538679492666,0.6639749128083459,1.1278888290444584,72
pan_na,48.18816321601565,48.193388828267494,0.4981912158630456,47.211708432924084,49.16461799910722,73
pri_pvem,40.97063921210682,40.971203082379105,0.4790784148373346,40.031645519025645,41.90963290518799,73
prd,4.814685839530132,4.802036259400074,0.2293044313634088,4.365249154057851,5.2641225250024135,73
otros,3.757397539457115,3.758769727896668,0.12064769062215018,3.5209280658377007,3.9938670130765295,73
pt,1.2404414291625043,1.2360148815917429,0.07538382727390601,1.0926891277056485,1.3881937306193601,73
mc,1.0286727637277735,1.0039442597199095,0.15621559245986466,0.7224902025064388,1.3348553249491082,73
pan_na,47.96577295544906,47.94744315197052,0.5525102760253348,46.8828528144394,49.04869309645872,74
pri_pvem,41.12177934135411,41.123589553766024,0.5318957356346186,40.079263699510264,42.16429498319796,74
prd,5.135284214385683,5.126794793298132,0.2411632058736218,4.662604330873384,5.607964097897982,74
otros,3.745102066397682,3.7401972839176274,0.14267834229955437,3.4654525154905556,4.024751617304808,74
pt,1.2661960356380666,1.266557163656714,0.06619213626698574,1.1364594485547745,1.3959326227213587,74
mc,0.7658653867753957,0.7656263555421001,0.05736307718314812,0.6534337554964255,0.878297018054366,74
pan_na,47.86005649694825,47.85254567502886,0.5624012613799885,46.75775002464348,48.96236296925303,75
pri_pvem,41.39683023152346,41.42000246525189,0.5367318520128121,40.34483580157835,42.44882466146857,75
prd,4.957637002085979,4.9539948585766185,0.2515241907980214,4.464649588121857,5.4506244160501005,75
otros,3.5439740407086786,3.5403717667136987,0.10763070766277266,3.333017853689644,3.754930227727713,75
pt,1.207279272071934,1.2035884820753846,0.06752078233917862,1.074938538687144,1.3396200054567242,75
mc,1.034222956661705,0.9998162832321342,0.1833761493476952,0.6748057039402224,1.3936402093831874,75
pan_na,47.821769029261866,47.82685007257243,0.5137780977742296,46.81476395762438,48.82877410089935,76
pri_pvem,40.78407245316061,40.796280528485376,0.491941119118494,39.819867859688365,41.74827704663286,76
prd,5.346655978649259,5.318426601232649,0.2979320171090765,4.762709225115469,5.930602732183049,76
otros,3.606286336478801,3.601918045451333,0.11522300533722721,3.380449246017836,3.8321234269397664,76
pt,1.432913574958267,1.4263693946539566,0.09734297114081215,1.2421213515222753,1.6237057983942589,76
mc,1.0083026274911933,0.9811758656489055,0.15731070222791962,0.6999736511244707,1.3166316038579158,76
pan_na,47.577467726769655,47.59222368280342,0.5247879391450536,46.54888336604535,48.60605208749396,77
pri_pvem,41.117205715830046,41.12649466946808,0.5231253229363209,40.09188008287486,42.142531348785234,77
prd,5.418595632858443,5.404623117198053,0.28957697183819475,4.851024768055581,5.986166497661305,77
otros,3.7111856109933283,3.708262131083177,0.13179074473915864,3.4528757513045774,3.9694954706820793,77
pt,1.3279294010936182,1.3267417119004876,0.08038034515190529,1.1703839245958838,1.4854748775913527,77
mc,0.8476159124549165,0.8295395227772007,0.09579309808699145,0.6598614402044133,1.0353703847054199,77
pan_na,47.70271490291273,47.69089434384593,0.535667676226248,46.65280625750928,48.75262354831618,78
pri_pvem,41.461757924524285,41.43896664265698,0.514312583791929,40.453705260292104,42.46981058875647,78
prd,5.116914785932111,5.095677191934868,0.27801050833638397,4.572014189592799,5.661815382271423,78
otros,3.534812789155708,3.5272235101210954,0.11232209315192564,3.3146614865779336,3.7549640917334823,78
pt,1.2434487332914304,1.2408304712533667,0.06563515985629545,1.1148038199730912,1.3720936466097695,78
mc,0.9403508641837375,0.9206705230106714,0.13703299973760671,0.6717661846980283,1.2089355436694467,78
pan_na,48.65290751153341,48.71497840344928,0.5195529100854268,47.63458380776597,49.67123121530084,79
pri_pvem,40.79248030617592,40.79214274196416,0.5126370859951026,39.78771161762552,41.79724899472632,79
prd,4.870582991370115,4.863556317197714,0.23276684834751615,4.414359968608983,5.326806014131246,79
otros,3.5080983949664675,3.51331242576544,0.12122182198121983,3.2705036238832768,3.745693166049658,79
pt,1.2774495408052453,1.2758992686715565,0.07402915538401576,1.1323523962525743,1.4225466853579163,79
mc,0.898481255148849,0.8808613711489253,0.09900672492732998,0.7044280742912823,1.0925344360064158,79
pan_na,47.631747350172446,47.64281324904726,0.5161751562141029,46.620044043992806,48.64345065635209,8
pri_pvem,41.38726658140309,41.38051834767767,0.49941197068965354,40.40841911885137,42.36611404395481,8
prd,5.249846888285874,5.252137565822121,0.26009811488704415,4.740054583107267,5.759639193464481,8
otros,3.5882818231154823,3.5833383738181275,0.11804050158083756,3.3569224400170405,3.819641206213924,8
pt,1.3350893123808054,1.3272715153635968,0.08846464946152988,1.1616985994362068,1.508480025325404,8
mc,0.8077680446423048,0.8020104909815466,0.08442844825775049,0.6422882860571139,0.9732478032274957,8
pan_na,47.94176861036819,47.964399206908226,0.5292908723297838,46.904358500601816,48.97917872013457,80
pri_pvem,40.75217445785474,40.754926556339775,0.5090497179135104,39.75443701074426,41.749911904965224,80
prd,5.4259981348989825,5.426925351563175,0.2791531743290419,4.878857913214061,5.973138356583904,80
otros,3.714657854204779,3.7055508088028684,0.12097653491434342,3.4775438457726655,3.951771862636892,80
pt,1.2813537870095748,1.2764512577859441,0.0865987241207304,1.1116202877329433,1.4510872862862063,80
mc,0.8840471556637278,0.8643356498900457,0.14017814035207074,0.6092980005736692,1.1587963107537864,80
pan_na,48.75382392908428,48.74883923619332,0.4750286618727799,47.82276775181363,49.684880106354925,81
pri_pvem,40.77758478249968,40.7724893070046,0.4715925200118919,39.853263443276376,41.701906121722985,81
prd,4.728601915185619,4.728467995790524,0.2166638027240356,4.30394086184651,5.153262968524729,81
otros,3.6412436269257547,3.6392871186936517,0.14346841409865205,3.3600455352923966,3.9224417185591127,81
pt,1.304153531573172,1.3021248419513525,0.07555645766252128,1.1560628745546304,1.4522441885917137,81
mc,0.7945922147314944,0.7777550247255536,0.09277633732573129,0.612750593573061,0.9764338358899278,81
pan_na,48.26788461677584,48.289495250622785,0.5855594222846615,47.1201881490979,49.41558108445378,82
pri_pvem,40.351365778018454,40.34357485417373,0.5524292471701167,39.268604453565025,41.434127102471884,82
prd,5.352671352059043,5.335291006037208,0.2778906919921591,4.808005595754412,5.897337108363675,82
otros,3.7657041667162834,3.7654295244939804,0.12315656035170185,3.524317308426948,4.007091025005619,82
pt,1.3309066629416988,1.322874090845122,0.08547326064202336,1.163379072083333,1.4984342538000646,82
mc,0.931467423488676,0.9276679094635066,0.0996327696276959,0.736187195018392,1.1267476519589599,82
pan_na,48.10391326215358,48.05074490581993,0.5765214891334535,46.97393114345201,49.23389538085515,83
pri_pvem,40.57005475124957,40.56184295556149,0.5500680040751504,39.49192146326228,41.648188039236864,83
prd,5.277927958010707,5.273573562265481,0.26357038060439536,4.761330012026092,5.794525903995322,83
otros,3.7911079508492826,3.790229699792676,0.11714360140018693,3.5615064921049164,4.020709409593649,83
pt,1.2696543615603768,1.2674224466978767,0.07716660598153335,1.1184078138365714,1.4209009092841822,83
mc,0.9873417161764845,0.9652905540514154,0.13907674900808203,0.7147512881206437,1.2599321442323252,83
pan_na,48.648260260791375,48.66902413751631,0.529220423467754,47.610988230794575,49.685532290788174,84
pri_pvem,40.893955252136486,40.90041676415813,0.5382611236538288,39.83896344977498,41.94894705449799,84
prd,4.666100327060916,4.659458834544704,0.23026025680320011,4.214790223726644,5.117410430395188,84
otros,3.522419012329483,3.5185024359425965,0.11666512220514216,3.2937553728074045,3.7510826518515614,84
pt,1.2947446468274095,1.2923530684641384,0.06852961107377703,1.1604266091228066,1.4290626845320125,84
mc,0.9745205008543263,0.9484512245430003,0.15225351399400694,0.6761036134260727,1.2729373882825799,84
pan_na,47.8796374965567,47.88437236665259,0.5042881173729,46.89123278650581,48.86804220660758,85
pri_pvem,40.936093405608915,40.94272347340052,0.4934452947805724,39.96894062783899,41.90324618337884,85
prd,5.280570834875785,5.271345888002306,0.26090848770135733,4.769190198981125,5.791951470770446,85
otros,3.663976343303764,3.6604799989309544,0.11754730533835205,3.433583624840594,3.894369061766934,85
pt,1.2710262872442184,1.2701231945920408,0.06463759175348979,1.1443366074073784,1.3977159670810584,85
mc,0.9686956324106183,0.9533842523869284,0.12594932188891794,0.7218349615083391,1.2155563033128975,85
pan_na,47.932208009715794,47.94317861991695,0.5346932714259641,46.88420919772091,48.98020682171068,86
pri_pvem,40.98333518703869,40.987920296840144,0.520157826038087,39.96382584800404,42.00284452607334,86
prd,5.338817055454062,5.333112685154312,0.2933391900955341,4.763872242866816,5.913761868041309,86
otros,3.6901071070657077,3.6889166334836228,0.13405840298132662,3.4273526372223073,3.952861576909108,86
pt,1.2038535648,1.2016234978871343,0.07198163961620402,1.0627695511522401,1.3449375784477597,86
mc,0.8516790759257441,0.8304933697471601,0.10768680066758528,0.640612946617277,1.0627452052342112,86
pan_na,48.18121543844373,48.18564586002566,0.45581240269478096,47.28782312916196,49.0746077477255,87
pri_pvem,40.79306822837198,40.811679288225434,0.44037243416158556,39.92993825741527,41.656198199328685,87
prd,4.982026777049533,4.982113087136467,0.21346609865738755,4.563633223681053,5.4004203304180125,87
otros,3.783605520027225,3.7828729378275776,0.13773808427596848,3.5136388748463268,4.053572165208124,87
pt,1.2822506760516366,1.2807268342933713,0.07434930808744168,1.1365260322002508,1.4279753199030223,87
mc,0.9778333600558912,0.9595878469432905,0.1277696163532675,0.7274049120034869,1.2282618081082954,87
pan_na,48.09130793083558,48.12220958322754,0.49058627313691655,47.12975883548723,49.052857026183936,88
pri_pvem,40.969245673923496,40.982370057897334,0.4906001575850114,40.00766936505687,41.93082198279012,88
prd,5.128028204229623,5.114112338872521,0.2791283794308383,4.58093658054518,5.675119827914066,88
otros,3.637340103711675,3.6335098026689288,0.13010511004373093,3.3823340880259622,3.8923461193973874,88
pt,1.1183320709093227,1.1162617679466156,0.06807310933012388,0.9849087766222799,1.2517553651963655,88
mc,1.0557460163903025,1.0199382300623543,0.19392778910893138,0.6756475497367971,1.435844483043808,88
pan_na,47.55019044538896,47.549523783045714,0.5923993792660904,46.38908766202742,48.71129322875049,89
pri_pvem,41.11997207637753,41.12073484994031,0.5740452153673534,39.99484345425751,42.245100698497545,89
prd,5.382570411373249,5.370057777848053,0.27373951768245197,4.846040956715643,5.919099866030854,89
otros,3.8271769699190954,3.8212609519408414,0.1554320437217586,3.5225301642244484,4.131823775613742,89
pt,1.2463232250108973,1.2413978200783988,0.06770814494408925,1.1136152609204824,1.3790311891013123,89
mc,0.8737668719302707,0.8616246983811817,0.11745053208161692,0.6435638290503015,1.1039699148102398,89
pan_na,47.440102564871495,47.43286019381303,0.5730074751944021,46.317007913490464,48.563197216252526,9
pri_pvem,41.510108583952736,41.490584630143566,0.559146074175431,40.41418227856889,42.606034889336584,9
prd,4.992712395329309,4.986737956268765,0.23492752443013623,4.532254447446242,5.453170343212376,9
otros,3.984303131454228,3.968980366577271,0.16501930307532697,3.660865297426587,4.307740965481869,9
pt,1.3416412566749734,1.333573693840975,0.0792406330870473,1.1863296158243606,1.4969528975255861,9
mc,0.7311320677172567,0.7287480098023774,0.048671455659055715,0.6357360146255076,0.8265281208090058,9
pan_na,48.232723019904824,48.235461773451284,0.5655583190035672,47.12422871465783,49.34121732515182,90
pri_pvem,40.5565873396154,40.54550278711459,0.5771385842000083,39.42539571458338,41.687778964647414,90
prd,5.5818167869168684,5.5638087881446,0.3271936451937438,4.940517242337131,6.223116331496606,90
otros,3.5285910317270552,3.532118123993206,0.13158543110362167,3.2706835867639565,3.786498476690154,90
pt,1.1859796103012432,1.1846076154244864,0.06139818416187062,1.0656391693439768,1.3063200512585096,90
mc,0.9143022115346091,0.8933142551408217,0.13506065012211005,0.6495833372952734,1.179021085773945,90
pan_na,48.22190583278083,48.234645185504576,0.5094996175628987,47.223286582357545,49.22052508320411,91
pri_pvem,40.93975732152653,40.92965697039636,0.5086039041720976,39.94289366934922,41.93662097370384,91
prd,4.819209563439373,4.813190947291179,0.2589008745444302,4.31176384933229,5.326655277546457,91
otros,3.660529045033993,3.6552802228995223,0.11951396138931178,3.4262816807109417,3.894776409357044,91
pt,1.267564368758029,1.2611602938151576,0.07198909669874295,1.1264657392284927,1.4086629982875651,91
mc,1.0910338684612468,1.063748080225249,0.19218773951573578,0.7143458990104047,1.467721837912089,91
pan_na,47.79596746682495,47.774363054102956,0.5110243465124767,46.794359747660494,48.7975751859894,92
pri_pvem,41.34885429942065,41.356227432940976,0.49765711540637253,40.37344635322416,42.32426224561714,92
prd,4.910602843625805,4.878172835136596,0.26320814272624626,4.3947148838823615,5.426490803369248,92
otros,3.6937640712966973,3.6944055202259096,0.1383625219751969,3.4225735282253114,3.964954614368083,92
pt,1.3398204768908157,1.3306331340528295,0.08788125976472631,1.167573207751952,1.5120677460296794,92
mc,0.9109908419410845,0.895450957870542,0.10789755036426751,0.6995116432271202,1.1224700406550487,92
pan_na,47.28215275638968,47.27193416442224,0.5178184528870546,46.26722858873105,48.297076924048305,93
pri_pvem,41.6710384171487,41.654996575404176,0.512293215769162,40.66694371424114,42.67513312005626,93
prd,5.293872236534303,5.293184844628421,0.28510596828030466,4.735064538704906,5.8526799343636995,93
otros,3.659766308229357,3.6572790399195005,0.12170350497185246,3.421227438484526,3.898305177974188,93
pt,1.2886508682302227,1.2813504887391054,0.07398438552154304,1.1436414726079982,1.4336602638524472,93
mc,0.8045194134677401,0.7975350484975104,0.07899011427659591,0.6496987894856121,0.9593400374498682,93
pan_na,46.74073444831093,46.72181230695424,0.548674935189524,45.665331575339465,47.8161373212824,94
pri_pvem,42.08507365772281,42.080445899221495,0.5361784987486995,41.03416380017536,43.13598351527026,94
prd,5.116644163475416,5.109994068021789,0.2716301266822243,4.584249115178257,5.649039211772576,94
otros,3.6201566411778714,3.612309483383607,0.15366626567992223,3.318970760445224,3.921342521910519,94
pt,1.3452817783584032,1.3463611065288876,0.07674642905922718,1.194858777402318,1.4957047793144884,94
mc,1.0921093109545679,1.0749306754083972,0.18260991330103846,0.7341938808845325,1.4500247410246032,94
pan_na,47.93879070547183,47.923629089120304,0.5250238039902142,46.90974404965101,48.96783736129265,95
pri_pvem,41.132586154649246,41.1358600158078,0.5255164175293524,40.102573976291715,42.16259833300678,95
prd,5.077495592265045,5.067271290777212,0.2639807906847819,4.560093242522872,5.594897942007218,95
otros,3.6861492147478856,3.6844059374015306,0.12151946139367946,3.447971070416274,3.924327359079497,95
pt,1.2200485932929666,1.2203189791957776,0.07190286324468774,1.0791189813333786,1.3609782052525545,95
mc,0.9449297395730252,0.930705301549789,0.1171927438326457,0.7152319616610396,1.1746275174850107,95
pan_na,48.18155307200283,48.21283096352862,0.5245756157062538,47.15338486521857,49.209721278787086,96
pri_pvem,41.04101991418145,41.01049040563202,0.5056160907133287,40.05001237638332,42.03202745197957,96
prd,4.786555752786381,4.78321141549784,0.25184680075449895,4.292936023307563,5.280175482265198,96
otros,3.6949800124093226,3.68719832040705,0.14289039994136687,3.4149148285242434,3.975045196294402,96
pt,1.2664942104966073,1.262377129571922,0.07631821782777812,1.1169105035541622,1.4160779174390523,96
mc,1.0293970381234196,1.0180781108251555,0.14468477510195799,0.745814878923582,1.3129791973232572,96
pan_na,47.84859073223351,47.861354949802504,0.5273691388697453,46.81494722004881,48.882234244418214,97
pri_pvem,41.23792746334071,41.220094082177184,0.51198346994755894,40.2344398622435,42.24141506443792,97
prd,5.266342651809567,5.250500760553475,0.25589047833155565,4.764797314279718,5.767887989339416,97
otros,3.5730464403494486,3.5724946290634163,0.12160323200994037,3.3347041056099656,3.8113887750889317,97
pt,1.1837915516828155,1.1810151755503437,0.0642492951179368,1.0578629332516594,1.3097201701139716,97
mc,0.890301160583945,0.874907515099103,0.1028517700784279,0.6887116912302264,1.0918906299376636,97
pan_na,47.67059228131052,47.683832169457624,0.5578552643217214,46.577195963239944,48.763988599381094,98
pri_pvem,41.329510648787334,41.31035034518435,0.5545634973713398,40.24256619393951,42.41645510363516,98
prd,5.161922283274407,5.1716613079051355,0.25047036837873526,4.671000361252086,5.652844205296728,98
otros,3.619960037977011,3.613419648905372,0.1279309364184688,3.3692154025968124,3.87070467335721,98
pt,1.242625594677018,1.241422214564282,0.0732186885934115,1.0991169650339314,1.3861342243201045,98
mc,0.9753891539737077,0.9620113677110149,0.15344495348327553,0.6746370451464877,1.2761412628009277,98
pan_na,48.47221807385199,48.49876289162791,0.5507186713398807,47.392809478025825,49.55162666967816,99
pri_pvem,40.639156843762734,40.628194128131064,0.5162202799300222,39.62736509509989,41.65094859242558,99
prd,4.873983230037403,4.87439856343549,0.25018537435977933,4.3836198962922355,5.364346563782571,99
otros,3.718130841758221,3.717551251883977,0.11492180104884905,3.4928841117024767,3.943377571813965,99
pt,1.2412463107669716,1.2379926657051212,0.07216796011892773,1.0997971089338732,1.38269551260007,99
mc,1.0552646998226802,1.0322093951962963,0.16400853412826025,0.7338079729312901,1.3767214267140704,99
